"Scalar Name","Value"
"Nagasa","74.08483313067525"
"Sori","2.1826501185187905"
"Total Arc-length","100.473414986059"
