"Scalar Name","Value"
"Nagasa","73.99467886273985"
"Sori","1.9378151329855935"
"Total Arc Length","101.6180364944352"
